{
  "zodiac_details_labels": ["Sun sign", "Element", "Polarity", "Modality"],
  "users_stats_more_btn": "More details",
  "users_horoscope_title": "Horoscope",
  "users_horoscope_time_frames": ["Yesterday", "Today", "Tomorrow", "Week", "Month", "{year}"],
  "personal_reading": {
    "title": "Get you personal reading today",
    "astrologer": {
      "position": "Astrologer",
      "reviews": "reviews",
      "btn": "Chat"
    }
  },
  "personal_horoscope": {
    "title": "Your Personal Horoscope",
    "descr": "Discover what the stars predict for you by reading and listening to your unique horoscope based on your entered data.",
    "btn": "Learn more"
  }
}
