{
  "title": "Tarot card",
  "tip_text": "Choose three Tarot cards to get predictions for the present, near future and distant future . Simply click on the three cards that catch your eye and discover their meaning and impact on your life.",
  "tips_popup": {
    "how_works": "How it works?",
    "how_works_text": "Welcome to the unique world of Tarot, where each card carries profound meaning and prediction. In this section, you can explore your present, peek into the near and distant future through the ancient art of Tarot.",
    "cards": [
      {
        "title": "Present (First Card)",
        "text": "Draw the first card to gain insight into the current moment of your life. This card reflects your present state, current thoughts, and feelings."
      },
      {
        "title": "Near Future (Second Card)",
        "text": "The second card reveals what awaits you in the near future. It may predict short-term events or decisions that you will soon need to make."
      },
      {
        "title": "Distant Future (Third Card)",
        "text": "The third card unveils the veil over your distant future, offering an idea of where your current actions and choices might lead in the long term."
      }
    ],
    "immerse": "Immerse Yourself in the World of Tarot",
    "immerse_text": "Each card in the deck is rich in symbols and imagery, aiding in a better understanding of your experiences and upcoming events. Utilize this ancient knowledge to gain unique insights and guidance in your life.",
    "embark": "Embark on your journey now - select the cards and unveil the mysteries of Tarot!",
    "cta": "Accessibly"
  },
  "timer": {
    "message": "The next tarot reading will be available in: {time}",
    "time": "Tomorrow"
  }
}
