{
  "main": {
    "edit_btn": "Edit profile"
  },
  "change_password": {
    "title": "Change password",
    "subtitle": "Enter a new password for your account.",
    "cta": "Update password"
  },
  "inputs": {
    "date_of_birth": "Date of birth",
    "phone": "Phone",
    "email": "Add Email",
    "language": "Language",
    "password": "Password",
    "subscription": "Subscription",
    "support": "Support",
    "legal": "Terms privacy"
  },
  "change_name": {
    "cta": "Save"
  },
  "change_lang": {
    "cta": "Save"
  }
}
