{
  "additional_email": {
    "title": "{colored} your account!",
    "colored": "Secure",
    "text": "For added security and convenience, we recommend linking your email to your profile. This will enable you to recover access to the service or reset your password if needed.",
    "cta": "Connect Email",
    "skip": "Remind me later"
  },
  "tap_tip": {
    "button": "Got it"
  },
  "success_notification": {
    "title": "Saved Successfully",
    "text": "Your changes have been saved successfully"
  }
}
