{
  "sign_in": {
    "title": "Sign in",
    "subtitle": "You don't have an account? {sign_up_button}",
    "sign_up_button": "Sing Up",
    "recovery_button": "Forgot password?",
    "cta": "Sing in"
  },
  "sign_up": {
    "step_1": {
      "title": "Create account",
      "subtitle": "Do you already have an account? {sign_in_button}",
      "sign_in_button": "Sing in",
      "agreement": "I accept the terms and privacy policy.",
      "cta": "Sing Up"
    },
    "step_2": {
      "title": "Welcome to AstroWay",
      "subtitle": "To personalize your experience and provide accurate astrological predictions, please enter information about yourself.",
      "cta": "Next"
    }
  },
  "recovery": {
    "title": "Account recovery",
    "subtitle": "Forgot your password? Enter your email address to regain access to your account.",
    "cta": "Continue",
    "form_sent": {
      "title": "Сheck your Email!",
      "subtitle": "We've just sent an Email to the address you provided {email}. Please take a moment to check your inbox and follow the instructions inside.",
      "text": "If you encounter any difficulties, feel free to reach out to us at Support. You can attempt to resend the email if needed after {timer}:",
      "time_label": "{counter} seconds",
      "support_btn": "Support",
      "try_again_btn": "Try again"
    }
  },
  "change_password": {
    "title": "Create new password",
    "subtitle": "Enter a new password for your account.",
    "cta": "Update password"
  }
}
